"wp_slug","wp_url","new_path","lang"
"demand-dadhesion","https://fcsa.ca/fr/demand-dadhesion/","/fr/members/join.html","fr"
"pour-nous-joindre","https://fcsa.ca/fr/pour-nous-joindre/","/fr/contact/index.html","fr"
"services-danalyse-des-radiofrequences-a-micro-ondes","https://fcsa.ca/fr/services-danalyse-des-radiofrequences-a-micro-ondes/","/fr/about/rf-service.html","fr"
"ressources","https://fcsa.ca/fr/ressources/","/fr/resources/index.html","fr"
"evenements","https://fcsa.ca/fr/evenements/","/fr/events/index.html","fr"
"presidents-et-membres-des-groupes-de-travail","https://fcsa.ca/fr/presidents-et-membres-des-groupes-de-travail/","/fr/governance/working-groups.html","fr"
"membres-du-comite","https://fcsa.ca/fr/gouvernance/membres-du-comite/","/fr/governance/committee.html","fr"
"membres-delegues-de-lapcf","https://fcsa.ca/fr/gouvernance/membres-delegues-de-lapcf/","/fr/governance/delegates.html","fr"
"conseil-dadministration-de-lapcf","https://fcsa.ca/fr/gouvernance/conseil-dadministration-de-lapcf/","/fr/governance/board.html","fr"
"dirigeants-de-lapcf","https://fcsa.ca/fr/gouvernance/dirigeants-de-lapcf/","/fr/governance/officers.html","fr"
"gouvernance","https://fcsa.ca/fr/gouvernance/","/fr/governance/index.html","fr"
"a-propos-de-lapcf","https://fcsa.ca/fr/a-propos-de-lapcf/","/fr/about/index.html","fr"
"politique-de-confidentialite","https://fcsa.ca/fr/politique-de-confidentialite/","/fr/privacy.html","fr"
"accueil","https://fcsa.ca/fr/accueil/","/fr/index.html","fr"
"members-list","https://fcsa.ca/members-list/","/members/list.html","en"
"apply","https://fcsa.ca/apply/","/members/apply.html","en"
"become-a-member","https://fcsa.ca/become-a-member/","/members/join.html","en"
"radio-frequency-interference-analysis-service","https://fcsa.ca/about/radio-frequency-interference-analysis-service/","/about/rf-interference-service.html","en"
"equipment-manufacturers","https://fcsa.ca/equipment-manufacturers/","/members/equipment-manufacturers.html","en"
"antenna-manufacturers","https://fcsa.ca/antenna-manufacturers/","/members/antenna-manufacturers.html","en"
"contact-us","https://fcsa.ca/contact-us/","/contact/index.html","en"
"working-group-chairpersons-members","https://fcsa.ca/governance/working-group-chairpersons-members/","/governance/working-groups.html","en"
"group-description","https://fcsa.ca/governance/group-description/","/governance/group-description.html","en"
"working-groups","https://fcsa.ca/working-groups/","/working-groups/index.html","en"
"committee-members","https://fcsa.ca/governance/committee-members/","/governance/committee-members.html","en"
"member-delegates","https://fcsa.ca/governance/member-delegates/","/governance/member-delegates.html","en"
"board-of-directors","https://fcsa.ca/governance/board-of-directors/","/governance/board-of-directors.html","en"
"officers","https://fcsa.ca/governance/officers/","/governance/officers.html","en"
"membership-benefits","https://fcsa.ca/about/membership-benefits/","/about/membership-benefits.html","en"
"our-members","https://fcsa.ca/about/our-members/","/about/members.html","en"
"our-key-roles","https://fcsa.ca/about/our-key-roles/","/about/key-roles.html","en"
"our-mandate","https://fcsa.ca/about/our-mandate/","/about/mandate.html","en"
"corporate-profile","https://fcsa.ca/about/corporate-profile/","/about/corporate-profile.html","en"
"home","https://fcsa.ca/","/index.html","en"
"radio-frequency-ias","https://fcsa.ca/radio-frequency-ias/","/members/radio-frequency-ias.html","en"
"resources","https://fcsa.ca/resources/","/resources/index.html","en"
"events","https://fcsa.ca/events/","/events/index.html","en"
"governance","https://fcsa.ca/governance/","/governance/index.html","en"
"our-members","https://fcsa.ca/our-members/","/members/index.html","en"
"about","https://fcsa.ca/about/","/about/index.html","en"
"privacy-policy","https://fcsa.ca/privacy-policy/","/privacy.html","en"
